"","PC1","PC2","PC3","PC4","PC5","obesity","diabetes"
"PC1",1,-5.26304028998915e-15,-1.009597310312e-15,-1.00894140656526e-15,-2.40950620613112e-15,0.291850595439652,0.237217567259501
"PC2",-5.26304028998915e-15,1,-2.16369461621994e-15,-1.48652246560646e-15,-7.45895351809237e-16,0.464394938881724,0.313075036113879
"PC3",-1.009597310312e-15,-2.16369461621994e-15,1,-4.25139193945665e-16,9.0042118977603e-17,0.248964389937563,0.104244674079797
"PC4",-1.00894140656526e-15,-1.48652246560646e-15,-4.25139193945665e-16,1,-2.68333685101462e-16,0.151886362560916,0.399536668388863
"PC5",-2.40950620613112e-15,-7.45895351809237e-16,9.0042118977603e-17,-2.68333685101462e-16,1,-0.291179948040181,-0.186579059680589
"obesity",0.291850595439652,0.464394938881724,0.248964389937563,0.151886362560916,-0.291179948040181,1,0.858935185615406
"diabetes",0.237217567259501,0.313075036113879,0.104244674079797,0.399536668388863,-0.186579059680589,0.858935185615406,1
